"Id","SalePrice"
1461,130032.581830342
1462,153404.356464286
1463,184004.239633333
1464,185439.345316667
1465,195371.8905125
1466,188399.853566667
1467,174723.594816667
1468,176308.860264286
1469,182429.111557692
1470,127787.840833333
1471,204226.532630519
1472,99393.4143899878
1473,99238.2043119047
1474,151547.018071429
1475,120559.866012698
1476,390066.02895
1477,256773.6133
1478,316051.902580952
1479,294867.235980953
1480,499843.08645
1481,317422.76585
1482,210405.766996337
1483,185493.815466667
1484,173511.950711905
1485,178243.486683333
1486,206011.335932601
1487,312043.661533333
1488,243848.157316667
1489,205214.080371429
1490,228413.370821429
1491,203124.130038645
1492,102827.247433333
1493,183690.770315152
1494,314106.583233333
1495,298389.5768
1496,242159.780386364
1497,194049.996459524
1498,157633.639149268
1499,157842.013629365
1500,162346.74324707
1501,176594.588157143
1502,159993.750092125
1503,288342.465809524
1504,233559.274658824
1505,221443.560603535
1506,181292.361966667
1507,248645.84055
1508,198461.460765152
1509,161879.32685
1510,154604.936983333
1511,151432.3747
1512,173748.089583333
1513,154997.360916667
1514,170820.708466667
1515,194685.663233333
1516,158580.135733333
1517,154656.865316667
1518,137785.875666667
1519,235477.28938557
1520,139866.249321429
1521,144643.47145
1522,164799.3922
1523,114804.8238
1524,123506.721683333
1525,130879.252254762
1526,132409.335366667
1527,105877.367378571
1528,126451.58065
1529,142002.46017381
1530,168391.028333333
1531,137631.288866667
1532,109048.439873809
1533,141432.947869048
1534,116771.09745
1535,155080.278966667
1536,120342.73215
1537,105007.223604762
1538,162251.957607143
1539,222019.579266667
1540,141149.273683333
1541,150813.079683333
1542,142294.392523809
1543,194051.832866667
1544,83074.9790333334
1545,104751.634990476
1546,126015.51512381
1547,138491.07077381
1548,129274.7512
1549,117720.0569
1550,143737.282645238
1551,122211.239166667
1552,150906.397247619
1553,147946.386983333
1554,119724.576816666
1555,174525.64985
1556,112445.732766667
1557,126859.382940476
1558,98453.8214452381
1559,124163.430666667
1560,147205.163209524
1561,163847.83105
1562,127339.377772222
1563,124868.141416667
1564,166008.092266667
1565,158126.38005
1566,228434.49695
1567,90348.1922547619
1568,225879.258408333
1569,160404.839583333
1570,138087.041007143
1571,132692.3148
1572,147905.723466667
1573,245081.0819
1574,141453.690283333
1575,221045.3032
1576,242543.22105
1577,197589.702600794
1578,145914.752133333
1579,148759.6511
1580,195163.033192857
1581,139527.272533333
1582,126203.8494
1583,333861.91935
1584,248131.189927778
1585,143718.419878094
1586,83440.8870666667
1587,110683.684644872
1588,148081.5497
1589,110101.777533333
1590,132409.075316667
1591,102996.053083333
1592,129070.68055
1593,121591.956857143
1594,148900.071704762
1595,135938.33395
1596,225719.075566667
1597,184860.713633333
1598,193059.333392857
1599,184164.446719048
1600,185309.800783333
1601,80192.0967571429
1602,117868.145366667
1603,100588.059016667
1604,286323.261166667
1605,257362.491733333
1606,168105.016433333
1607,187509.453588095
1608,222443.791657143
1609,196109.405571429
1610,167141.172621429
1611,148944.880469048
1612,188672.668390476
1613,174454.550816667
1614,125112.528512121
1615,90483.7686333333
1616,88341.3465833333
1617,92593.46525
1618,120656.819490909
1619,137780.85415
1620,195249.744083333
1621,143637.157066667
1622,148484.9288
1623,283544.002783333
1624,226963.204808333
1625,130944.527826374
1626,171459.6511
1627,188759.56255
1628,283506.73105
1629,179939.3223
1630,342859.010966666
1631,212356.252979167
1632,246296.956716667
1633,173335.854703571
1634,183951.524909524
1635,183009.396309524
1636,161607.064614286
1637,186028.287816667
1638,216237.044716667
1639,184091.287516667
1640,248798.298133333
1641,184848.516248485
1642,231630.217927778
1643,232806.476192157
1644,230731.344082434
1645,184968.30005
1646,157822.558592857
1647,163610.548366667
1648,143076.987816667
1649,137886.809109524
1650,119700.360735714
1651,120050.541195238
1652,97335.9001709402
1653,96445.7312518925
1654,156560.235735714
1655,144983.0814
1656,150953.481671429
1657,154269.681528571
1658,157995.305811905
1659,125867.75925
1660,158206.1613
1661,465070.41355
1662,380652.59405
1663,392776.542983333
1664,464064.836266667
1665,332122.0761
1666,350016.442966667
1667,364141.9464
1668,336738.248780952
1669,307889.690597619
1670,364394.930166666
1671,273156.214844445
1672,474706.486566666
1673,310011.335957143
1674,252286.215166667
1675,197725.014801191
1676,195455.005903968
1677,213045.748992008
1678,473267.897333333
1679,399937.281283333
1680,323151.73395
1681,264492.356521429
1682,319290.6057
1683,190575.490016667
1684,174934.439434524
1685,176000.235634524
1686,170940.946945238
1687,170499.400380953
1688,192814.992907143
1689,193123.253930952
1690,189355.761283333
1691,178942.7443
1692,273529.031030952
1693,170852.511505952
1694,182928.713533333
1695,169761.508983333
1696,286619.850183333
1697,169525.751335714
1698,346905.70415
1699,340154.1011
1700,251921.7916
1701,271292.391492157
1702,263335.951664285
1703,265439.526688889
1704,297143.144004762
1705,242903.882535028
1706,465926.119016666
1707,217884.805010623
1708,212888.403581618
1709,274065.770983333
1710,230082.282792857
1711,278216.27925
1712,263470.290376786
1713,281167.528172222
1714,221074.797345599
1715,207586.275729365
1716,186052.27645
1717,169323.95912381
1718,137243.8561
1719,216196.541976406
1720,251197.44
1721,169421.447376191
1722,131645.422216667
1723,158847.945578571
1724,217962.86712381
1725,235719.187711111
1726,197032.323938889
1727,182453.212624359
1728,187306.737057692
1729,169262.7847
1730,166000.216980952
1731,124531.8626
1732,132358.019466667
1733,122162.249004762
1734,131920.2667
1735,134736.340831962
1736,115597.231385897
1737,334377.290866667
1738,219286.544280159
1739,300186.408342424
1740,228430.56535
1741,193398.569321428
1742,172224.155411905
1743,173254.25232381
1744,296964.705238095
1745,222107.932816667
1746,230955.251416667
1747,219443.986283333
1748,218789.781666667
1749,165443.547683333
1750,145838.3958
1751,230243.431183333
1752,120291.696416667
1753,148129.6476
1754,203816.432433333
1755,170945.680916667
1756,120718.077952381
1757,117341.174759707
1758,154341.5398
1759,164127.90095
1760,164106.089916667
1761,154709.936166667
1762,181108.395366667
1763,177553.52005
1764,122765.33336746
1765,177739.830783333
1766,175732.7446
1767,205137.031033333
1768,143443.393895455
1769,169347.03495
1770,143420.718059524
1771,139458.306133333
1772,139846.634083333
1773,142213.626633333
1774,152314.329138095
1775,130966.096089683
1776,125702.565766667
1777,118535.64315
1778,130511.182452381
1779,129090.519128205
1780,179316.932912698
1781,131071.861783333
1782,98569.1017555556
1783,143182.74955
1784,102114.531683333
1785,117556.954747619
1786,156713.53675
1787,163511.824883333
1788,69395.8453833334
1789,105301.323866667
1790,96563.3070666666
1791,213435.019066667
1792,150501.4342
1793,153393.892133333
1794,140897.665964286
1795,139169.745078571
1796,138065.54785
1797,122528.60485
1798,124317.587766667
1799,111104.910383333
1800,131744.582859524
1801,129249.546616667
1802,140253.865311905
1803,153277.078766667
1804,142056.183740476
1805,137306.665228788
1806,122383.49875
1807,148039.477811111
1808,125543.326764286
1809,129638.733475
1810,145778.344757143
1811,117122.535358333
1812,113849.823295238
1813,120513.308833333
1814,99424.1591214286
1815,67650.0197166667
1816,101677.273
1817,137726.941116667
1818,146049.766316667
1819,120477.171216667
1820,88928.0979
1821,123209.482002381
1822,158597.772133333
1823,78367.54595
1824,134943.811233333
1825,140076.9943
1826,108265.273969048
1827,111157.196483333
1828,136275.215573809
1829,121327.7871
1830,140584.856695238
1831,161061.17975
1832,130977.244783333
1833,150906.412345238
1834,135204.454866667
1835,152204.650083333
1836,127474.523061905
1837,104143.549216667
1838,139433.011483333
1839,89507.5698888889
1840,164971.951233333
1841,147405.642233333
1842,98477.2726420635
1843,147655.305833333
1844,139142.728033333
1845,151326.247883333
1846,159360.459383333
1847,176542.454033333
1848,73114.3794000001
1849,124709.958283333
1850,127806.571133333
1851,155186.741972222
1852,128132.1827
1853,142034.473556349
1854,170095.037257692
1855,167379.987966667
1856,232383.624283333
1857,176293.797316667
1858,152285.893109524
1859,123465.240916667
1860,153491.00675
1861,123253.00115
1862,307602.920966667
1863,297550.391816667
1864,297767.833416666
1865,335558.574903175
1866,336534.86625
1867,242865.2347
1868,315910.78345
1869,206329.210429365
1870,244385.087233333
1871,260665.270109524
1872,175724.4913
1873,231507.586302778
1874,139671.692928571
1875,210991.519092857
1876,202987.735316667
1877,219534.408464286
1878,216592.818
1879,135334.410573809
1880,134963.499345238
1881,258483.630116667
1882,261409.062163158
1883,209219.620059524
1884,224990.829877778
1885,255573.80705
1886,299045.366583333
1887,213156.140283333
1888,282119.759321429
1889,175326.050609524
1890,138933.387933333
1891,144075.459516667
1892,109725.012885714
1893,140597.342433333
1894,134546.80705
1895,152814.244683333
1896,126031.805154762
1897,129090.980561111
1898,115604.196583333
1899,141398.55377381
1900,129288.51075
1901,165118.318033333
1902,148533.244604762
1903,212314.448733333
1904,136472.880433333
1905,184166.656033333
1906,150951.3718
1907,207357.208116667
1908,119917.76302381
1909,141816.075616667
1910,132241.50055
1911,202951.127816667
1912,271662.702616667
1913,155022.017597619
1914,76434.2759833334
1915,320453.26325
1916,81265.4124666667
1917,262076.610125
1918,138183.008240476
1919,162328.975733333
1920,172495.888516667
1921,426027.43982619
1922,336282.622580952
1923,204400.7927
1924,234571.684370635
1925,231548.926516667
1926,397522.193233333
1927,138722.115240476
1928,163497.202038095
1929,120312.14625
1930,138604.290616667
1931,143681.100335714
1932,143110.449290476
1933,180840.919847619
1934,182054.065971429
1935,176764.987316667
1936,189428.860316667
1937,186360.55615
1938,178660.820383333
1939,254943.400483333
1940,195617.618445833
1941,181073.197983333
1942,198908.701792857
1943,198707.153479167
1944,332328.48915
1945,376197.835066667
1946,165737.67737381
1947,309574.844766667
1948,176613.60635
1949,246184.025316667
1950,181060.432672222
1951,260990.476716666
1952,233295.310826191
1953,171407.14225
1954,199318.53565
1955,134932.226035714
1956,289733.316233333
1957,162345.1798
1958,323633.625333334
1959,150681.5937
1960,118740.656658514
1961,121004.157716667
1962,95573.3330947497
1963,101788.354287607
1964,121372.933207143
1965,150041.25737381
1966,142995.120183333
1967,302695.958366666
1968,432737.910666667
1969,398028.931616666
1970,435163.848633333
1971,428961.0861
1972,371269.8132
1973,279671.862916667
1974,331138.0899
1975,456238.734083333
1976,283599.230072222
1977,384383.998766667
1978,364439.765966666
1979,334421.227633333
1980,199873.580689194
1981,341690.781914286
1982,229772.302883333
1983,217704.481066667
1984,179745.290685714
1985,224762.334083333
1986,224003.751997186
1987,179056.500195238
1988,181494.701538889
1989,202886.504563553
1990,226350.396425397
1991,215122.315213436
1992,220406.049985714
1993,175180.909516667
1994,243957.733897619
1995,187461.055709524
1996,268714.334442157
1997,326671.63525
1998,352319.446916667
1999,263007.960016667
2000,306107.5313
2001,285798.43025
2002,252849.807483333
2003,261485.390840476
2004,278037.637233333
2005,240219.433032051
2006,221418.215167765
2007,258353.390947619
2008,206130.173650649
2009,204898.3018
2010,204071.490091026
2011,142225.447916667
2012,185487.219104762
2013,186702.970021429
2014,194715.952883333
2015,205654.989927778
2016,204707.94537619
2017,210946.259372772
2018,128863.065705556
2019,129529.454333333
2020,118205.07945
2021,112581.028595421
2022,180127.577116667
2023,151681.293035714
2024,246831.13225
2025,340452.51805
2026,182753.500783333
2027,159582.209266911
2028,160358.386957143
2029,171688.150011905
2030,273652.93885
2031,234279.683716667
2032,258366.999183333
2033,261678.312116667
2034,167559.077702381
2035,210983.06085
2036,181590.318430952
2037,185653.395697619
2038,286360.036266666
2039,212945.123504762
2040,339379.53675
2041,277072.816316667
2042,208870.916991026
2043,168480.964883333
2044,178321.006633333
2045,206606.95505
2046,139830.816421429
2047,151934.758283333
2048,133841.358705556
2049,142426.263571429
2050,180023.230455556
2051,111352.546416667
2052,139146.1151
2053,145899.860145455
2054,86028.3900769841
2055,164252.863683333
2056,139338.387716667
2057,127398.656933333
2058,225390.857575
2059,145163.123333333
2060,162088.710433333
2061,176766.46875
2062,139995.168588095
2063,116444.122421429
2064,138428.213009524
2065,126523.385690476
2066,184563.272366667
2067,148323.804954762
2068,150457.423983333
2069,89381.5215166666
2070,103602.229966667
2071,98196.2566880952
2072,139970.6675
2073,143976.155644444
2074,178711.9373
2075,147422.432166667
2076,119689.519421429
2077,147033.771030952
2078,129854.07912381
2079,130139.222416667
2080,115133.781855556
2081,121650.291471429
2082,141238.0474
2083,139120.021666667
2084,105764.937119231
2085,129392.203983333
2086,128765.202433333
2087,123586.448833333
2088,118841.256683333
2089,94699.5301
2090,136705.04445
2091,131944.74405
2092,129047.710416667
2093,139845.205516667
2094,124918.578566667
2095,154107.880002381
2096,88958.7202333334
2097,98343.0281666667
2098,147405.203933333
2099,67820.86405
2100,128287.875495238
2101,137501.032666667
2102,137544.105416667
2103,107092.6956
2104,144335.799116667
2105,131985.867533333
2106,98526.6094761906
2107,220527.908919048
2108,119182.452255556
2109,116480.954396465
2110,131255.994829798
2111,148856.565166667
2112,142644.523840476
2113,119253.122669048
2114,115444.041866667
2115,154085.131283333
2116,117936.280540909
2117,146881.935733333
2118,128888.341907143
2119,109720.951833333
2120,120455.965952381
2121,113734.408983333
2122,100636.984733333
2123,96303.9442952381
2124,171636.263783333
2125,136035.566461905
2126,158978.601666667
2127,149462.210095238
2128,132804.95717381
2129,108493.02007381
2130,150333.372130952
2131,156474.679
2132,125430.603716667
2133,119560.822174242
2134,123536.4931
2135,108063.270866667
2136,102649.563055952
2137,122911.638866667
2138,142773.136457143
2139,155747.048859524
2140,138032.248595455
2141,142485.883283333
2142,139618.58285
2143,142359.366635714
2144,135299.720033333
2145,134938.662912121
2146,155071.076416667
2147,176673.811483333
2148,133695.290007143
2149,148988.849071429
2150,213240.841742857
2151,114577.961783333
2152,176159.56585
2153,158072.901116667
2154,114352.963483333
2155,132161.016857143
2156,254613.33105
2157,245426.036649207
2158,246273.2068
2159,219282.956261905
2160,176517.179166667
2161,249635.62975
2162,402274.278192857
2163,358049.945714286
2164,267542.003526984
2165,188554.286616667
2166,145180.245314286
2167,212255.723666667
2168,212889.166383333
2169,202016.54434127
2170,226547.495727778
2171,154296.131633333
2172,142762.685723016
2173,163766.5399
2174,241789.549833333
2175,293966.923508333
2176,328852.193983333
2177,258474.046283333
2178,219925.301908396
2179,147322.369893967
2180,244322.426583333
2181,195011.833016667
2182,229571.028766667
2183,204907.20377381
2184,139756.08072619
2185,140466.194992857
2186,142728.539038095
2187,153027.98315
2188,157214.541116667
2189,220414.268366667
2190,91492.86405
2191,92677.52535
2192,97074.5864333333
2193,106190.76585
2194,106101.577607143
2195,120116.371509524
2196,115893.880916667
2197,115614.241333333
2198,145279.229097619
2199,168642.076933333
2200,133074.924216667
2201,134052.189433333
2202,175356.78662381
2203,164844.871033333
2204,183077.706383333
2205,121418.25675
2206,133679.143345238
2207,203861.3403
2208,232099.01027619
2209,198051.657833333
2210,123246.32605
2211,111831.910779365
2212,111207.629233333
2213,103342.723616667
2214,149170.7857
2215,106592.338266667
2216,154993.061
2217,89341.1324761905
2218,99381.2891619048
2219,85022.5436833334
2220,91882.2620666667
2221,319698.036633333
2222,269611.7185
2223,316628.84865
2224,228556.840366667
2225,150860.241766667
2226,200314.198666667
2227,210365.355283333
2228,285089.891016667
2229,246217.97345
2230,166054.503116667
2231,222572.807209524
2232,188935.87145
2233,189369.26975
2234,257152.246769697
2235,238397.945183333
2236,281124.999983333
2237,378206.387683334
2238,212733.62505
2239,130034.87425
2240,162804.298
2241,161780.460716667
2242,138234.845433333
2243,132087.759733333
2244,101570.380678571
2245,101108.638778571
2246,144055.969766667
2247,109710.551107143
2248,120385.6592
2249,123698.309140476
2250,136758.456840476
2251,145428.509933333
2252,175000.582033333
2253,164727.585557143
2254,184076.064816667
2255,198785.250083333
2256,183186.874469048
2257,204244.547116667
2258,174116.607866667
2259,178919.842864286
2260,161191.456578571
2261,182012.904779167
2262,204552.098983333
2263,363886.405766667
2264,418184.2537
2265,174710.050183333
2266,275001.678616667
2267,361396.052966666
2268,376111.880447619
2269,160942.843783333
2270,190402.575680952
2271,230908.69165
2272,214493.667833333
2273,170063.99905
2274,172769.458966667
2275,170115.288566667
2276,175381.402666667
2277,178210.405466667
2278,150144.3639
2279,127199.964040909
2280,119554.852008514
2281,184356.801366667
2282,194665.853045238
2283,99370.3990595238
2284,116491.66672619
2285,138720.443730952
2286,126326.782521429
2287,349201.635483333
2288,284402.337133333
2289,368814.594033333
2290,433850.114649999
2291,345242.555066667
2292,420662.735599999
2293,470000.288933333
2294,403095.836233333
2295,444765.093616667
2296,278807.825592157
2297,318934.179166667
2298,346718.317240476
2299,394306.002666667
2300,327464.650183333
2301,302923.301
2302,253892.003338095
2303,249468.506216667
2304,250650.128723809
2305,187279.444273809
2306,192535.523183333
2307,194886.488733333
2308,224248.479583333
2309,283585.152371429
2310,215744.112133333
2311,207156.561466667
2312,180292.50785
2313,178081.421659524
2314,181619.839652381
2315,176148.895484524
2316,203182.605055555
2317,186415.070183333
2318,179336.723966667
2319,177817.466558333
2320,184214.172990476
2321,253839.090788889
2322,176509.604945238
2323,182106.092662121
2324,175914.67045
2325,219356.743433333
2326,172992.809652381
2327,218129.312919902
2328,225842.347619902
2329,186490.444523809
2330,180658.425380952
2331,357496.954083333
2332,367324.664616667
2333,317729.428066667
2334,268961.449530952
2335,269109.27857549
2336,321135.976183333
2337,206015.407011905
2338,275350.149754762
2339,236841.4097125
2340,400998.34265
2341,222100.503207576
2342,239192.34045
2343,226368.279320146
2344,244144.138816667
2345,243791.855007143
2346,218551.273107143
2347,208339.181619048
2348,233651.108694444
2349,177641.712535714
2350,312002.47945
2351,262489.614166667
2352,264461.531514286
2353,276820.639933333
2354,134246.551283333
2355,150016.159916667
2356,155623.255283333
2357,208682.099468559
2358,207596.726566667
2359,127397.7842
2360,120356.743176984
2361,137979.50125
2362,268653.470559524
2363,142664.752216667
2364,159536.059242857
2365,223371.175236363
2366,192160.246848864
2367,226669.528131548
2368,214145.611336364
2369,225000.50593799
2370,170916.190728571
2371,171386.128520879
2372,188993.654707692
2373,257148.804242157
2374,290870.342983333
2375,243473.985677885
2376,276704.453133333
2377,323398.085983333
2378,148665.240966667
2379,195861.147833333
2380,146745.050328788
2381,163651.36145
2382,195041.20995
2383,209587.429780736
2384,245691.189141667
2385,156799.008483333
2386,144218.197835714
2387,136661.336540909
2388,117135.027077778
2389,132675.073742857
2390,148414.975
2391,136793.871933333
2392,114070.342550183
2393,158117.692414286
2394,147714.47125
2395,197329.470366667
2396,148275.903783333
2397,199799.565533333
2398,129630.577
2399,71776.9098333333
2400,64612.2372500001
2401,113974.861643473
2402,138470.71375
2403,136816.198433333
2404,157981.026554762
2405,161524.703366667
2406,135937.061688095
2407,126684.720878571
2408,137844.777433333
2409,138453.84305
2410,164697.293466667
2411,125182.090672222
2412,160607.766566667
2413,138276.370716667
2414,137290.6071
2415,135981.349457143
2416,126065.545507143
2417,128630.687816667
2418,124914.557305556
2419,129333.776711905
2420,128058.30745
2421,149843.257516667
2422,124878.922365079
2423,130834.961083333
2424,158527.59745
2425,240882.89565
2426,133674.392085714
2427,138694.0527
2428,171253.732233333
2429,116145.088530342
2430,130304.3166
2431,129824.539433333
2432,135257.629728788
2433,139762.515238095
2434,143746.226366667
2435,149802.979383333
2436,111424.912583333
2437,112661.213790659
2438,125496.599766667
2439,117712.240316667
2440,122230.004033333
2441,108615.7254
2442,107449.796133333
2443,119013.3926
2444,130862.802242857
2445,90947.1511738096
2446,133215.178197619
2447,200638.118883333
2448,152170.61655
2449,115246.32785
2450,147963.311933333
2451,134659.939516667
2452,208355.326752381
2453,101586.968567094
2454,136669.95525
2455,112035.087316667
2456,131470.247907143
2457,122018.682516667
2458,119798.922990476
2459,111108.434188095
2460,144949.832016667
2461,116235.371490476
2462,129867.112666667
2463,116751.637796032
2464,168421.011633333
2465,135797.3461
2466,119426.439083333
2467,150562.313383333
2468,99556.6241
2469,98719.6206833334
2470,192276.493516667
2471,197459.06555
2472,178284.688016667
2473,124826.860983333
2474,121457.914121429
2475,213982.465733333
2476,111141.1726
2477,135710.26105
2478,168881.873666667
2479,125560.085849784
2480,148945.41995
2481,138807.965395455
2482,133471.568783333
2483,120885.57153254
2484,129136.092538889
2485,125926.824893651
2486,151065.561866667
2487,206412.621202381
2488,140677.029238095
2489,160049.690466667
2490,150482.141183333
2491,94301.9440880953
2492,189878.205681818
2493,153942.1641
2494,164580.6381
2495,105430.857578205
2496,230024.742133333
2497,151043.997664286
2498,113955.751207326
2499,99581.3763666667
2500,133532.843148413
2501,132885.319583333
2502,144449.774016667
2503,108592.55725
2504,190342.664733333
2505,226678.3399
2506,257111.731019841
2507,313974.210583333
2508,257876.148680952
2509,231190.24805
2510,231468.162866667
2511,188129.686050433
2512,224411.096242857
2513,227233.502777778
2514,240493.7894
2515,151934.423690476
2516,173913.278030953
2517,133518.268112338
2518,145446.130690476
2519,232527.422333333
2520,214639.117305555
2521,204778.789789348
2522,227029.808783333
2523,137738.616588889
2524,139895.885733333
2525,146964.073466667
2526,141383.647
2527,127812.844048413
2528,129600.4035
2529,135259.924333333
2530,118766.971888095
2531,255969.847811111
2532,234275.064616667
2533,211029.23747619
2534,244281.687095238
2535,288309.357516667
2536,240673.836633333
2537,225723.921016667
2538,188122.254666667
2539,188166.423838889
2540,186119.094233333
2541,181267.420883333
2542,175383.1696
2543,134416.104816667
2544,122536.755514286
2545,135826.303
2546,143069.588283333
2547,137855.446633333
2548,173713.08215
2549,166923.341316667
2550,392139.090909524
2551,147187.867511905
2552,124968.625722222
2553,92109.3994333334
2554,115644.949590476
2555,113744.677833333
2556,106980.965335714
2557,116289.133492857
2558,174061.247616667
2559,130936.103178571
2560,127272.872069048
2561,122211.140783333
2562,124501.102769048
2563,141669.468666667
2564,171839.47355
2565,144061.79465
2566,149767.369
2567,131398.240266667
2568,193525.7743
2569,193744.5238
2570,123422.789333333
2571,192582.326366667
2572,162751.308807143
2573,219845.707109524
2574,268321.19235
2575,125115.96155
2576,130976.400311905
2577,163285.56
2578,97163.8206166666
2579,90084.2068380952
2580,140995.3088
2581,131365.683338095
2582,118051.698283333
2583,271176.0506
2584,171636.163483334
2585,205411.548733333
2586,222723.039583333
2587,201141.787576191
2588,138635.186366667
2589,145002.024966667
2590,228038.814983333
2591,213768.075188095
2592,229342.664251948
2593,256513.4195125
2594,172964.724766667
2595,202544.089729167
2596,341158.712066667
2597,203339.644782051
2598,273416.390066667
2599,338926.497580952
2600,184392.478333333
2601,148872.750233333
2602,91941.90705
2603,103208.153533333
2604,91871.2871333333
2605,93640.5564666666
2606,151700.32798254
2607,183451.009733333
2608,204956.048216667
2609,159958.1359
2610,111124.26735
2611,153850.483116667
2612,152367.975366667
2613,130204.767828788
2614,127457.202257576
2615,155559.343116667
2616,141588.7192
2617,188103.872383333
2618,192261.559916667
2619,212903.543830952
2620,184686.139166667
2621,191764.0417
2622,195211.5459
2623,247373.454588648
2624,299406.508285714
2625,307563.411883333
2626,167636.6809
2627,175554.182529167
2628,412011.11315
2629,483030.676216667
2630,340624.81515
2631,445433.786733333
2632,407607.33065
2633,299752.202933333
2634,402998.895440476
2635,154793.298790476
2636,195863.920516667
2637,182179.521966667
2638,256289.294633333
2639,186773.0131
2640,153862.64557619
2641,113621.736347619
2642,203795.236421429
2643,112014.385166667
2644,141253.656329762
2645,97879.8765166666
2646,95254.5215995116
2647,102080.290957143
2648,140237.073983333
2649,139057.372166667
2650,134450.820647619
2651,151711.736428571
2652,423413.394916667
2653,262818.4061
2654,273132.30145
2655,381229.99165
2656,328332.056383333
2657,318943.221966667
2658,287184.5987
2659,301164.35345
2660,348232.12195
2661,346460.640483333
2662,366493.534383333
2663,291351.764841667
2664,275699.225188095
2665,318016.099622222
2666,283448.238966667
2667,173863.907917857
2668,180864.927791667
2669,182579.901133333
2670,286556.531523809
2671,181958.786291667
2672,186182.948761905
2673,215157.042703535
2674,215373.081903535
2675,167629.875628572
2676,190880.930540476
2677,203606.960283333
2678,267523.236757143
2679,281884.4558
2680,283501.21
2681,378273.587316667
2682,324940.7114
2683,502273.7684
2684,309670.971133333
2685,339937.63175
2686,266043.577371981
2687,331262.464866667
2688,229258.174877885
2689,207970.506043956
2690,471660.922083333
2691,204542.510809524
2692,137640.756166667
2693,203321.818805861
2694,134599.009216667
2695,201390.016227778
2696,188950.571909524
2697,204088.60685
2698,208839.400966667
2699,189555.8778
2700,174091.791214835
2701,166750.216866667
2702,127003.209474603
2703,143197.683831818
2704,145488.811169048
2705,128912.29025
2706,117913.271693651
2707,127676.5493
2708,135079.221883333
2709,110160.284457143
2710,129269.676454762
2711,282470.418266667
2712,365891.54435
2713,175030.797116667
2714,155129.094065934
2715,174085.454392857
2716,158938.208341331
2717,189822.272328571
2718,231991.149179167
2719,160062.1419
2720,162521.649516667
2721,144410.256166667
2722,166047.728833333
2723,150377.947103968
2724,129721.656416667
2725,138159.376295455
2726,145491.128516667
2727,171098.44075
2728,167432.220866667
2729,155077.8955
2730,142643.686216667
2731,118485.682366667
2732,121276.3613
2733,162063.358816667
2734,152836.904514286
2735,136471.422283333
2736,147549.4804
2737,123413.697766667
2738,137894.296
2739,165342.9713
2740,138173.754483333
2741,148896.377066667
2742,157001.056133333
2743,153926.690583333
2744,152179.357666667
2745,140387.080495455
2746,134702.785285714
2747,154886.150404762
2748,124388.494261539
2749,131792.051016667
2750,134980.829764286
2751,132392.263828788
2752,224045.550283333
2753,153567.9912
2754,249012.749116667
2755,125599.553366667
2756,103335.418767893
2757,92244.51905
2758,89289.49125
2759,149445.613759524
2760,150695.369716667
2761,151266.80325
2762,148462.123069048
2763,198293.1642
2764,169276.07195
2765,250228.0339
2766,140306.617483333
2767,93051.928832967
2768,130830.50605
2769,136380.938283333
2770,144949.339521428
2771,116801.759468437
2772,120197.610640476
2773,167367.118119048
2774,133778.378366667
2775,133581.387683333
2776,139900.815316667
2777,145180.339316667
2778,109253.842921429
2779,143807.438633333
2780,105790.43255
2781,100485.136554762
2782,102180.243233333
2783,110380.247383333
2784,125843.474116667
2785,140795.060683333
2786,81395.6759190476
2787,119152.808780952
2788,94816.1425666667
2789,176654.352533333
2790,95627.1304666667
2791,120713.017490476
2792,85813.8110785715
2793,172858.55265
2794,109806.74435
2795,119090.8222
2796,104770.78422381
2797,193690.123283333
2798,120934.139045238
2799,119960.082116667
2800,82674.6753333333
2801,110167.04165
2802,136097.788164286
2803,168211.23145
2804,149001.088616667
2805,100511.756257143
2806,102309.325819048
2807,147278.18130303
2808,153436.174592857
2809,133799.571365873
2810,138150.137331169
2811,159445.0336
2812,142737.7813
2813,185844.828483333
2814,175133.555866667
2815,107892.501376191
2816,225542.63045
2817,150879.060302381
2818,133642.3883
2819,175336.531136905
2820,147521.586533333
2821,114053.141466667
2822,188609.202664286
2823,263645.314216667
2824,189598.812966667
2825,158708.9119
2826,134587.3496
2827,142469.910538095
2828,245714.076516667
2829,209378.933866667
2830,239245.75362381
2831,192012.604046032
2832,251527.416461111
2833,302582.835080952
2834,224104.901037761
2835,223715.584516667
2836,202791.703825856
2837,175701.851716667
2838,149336.549778571
2839,187655.60355
2840,197080.001451948
2841,209762.937372772
2842,237169.762992857
2843,147977.967633333
2844,160311.975
2845,119534.59525
2846,218162.927392857
2847,202858.46555
2848,214361.54147549
2849,222544.886944445
2850,282641.2804
2851,241032.525083333
2852,237989.165911111
2853,244278.115383333
2854,142461.469559047
2855,210777.07533355
2856,215189.55042619
2857,194151.045755556
2858,203051.219557576
2859,138311.39825
2860,127578.936666667
2861,146572.344816667
2862,210070.484796032
2863,125554.927842857
2864,265030.438666667
2865,144395.468383333
2866,148098.732297619
2867,91667.4211880952
2868,124974.939530952
2869,127051.811930952
2870,158297.023683333
2871,105001.461135714
2872,68158.4602833334
2873,108305.551711905
2874,143323.262223809
2875,118383.39865
2876,156135.05735
2877,139193.557816667
2878,160511.047716667
2879,145147.33555
2880,109313.8607
2881,153986.15035
2882,160328.438016667
2883,173135.888007143
2884,190512.497416667
2885,181636.220380952
2886,199993.73315
2887,103260.353733333
2888,125047.206766667
2889,70206.0715500001
2890,87934.163552381
2891,140264.338540476
2892,80957.8196666667
2893,113806.263703571
2894,73421.2851833334
2895,301951.94655
2896,292664.66225
2897,208026.125233333
2898,152228.337754762
2899,229459.00585
2900,158564.892083333
2901,190489.7992
2902,196582.914668498
2903,356553.250066667
2904,354722.950083333
2905,126613.199571429
2906,209537.107716667
2907,119941.564566667
2908,128522.718341919
2909,152138.7725
2910,86459.7672761905
2911,91941.90705
2912,153196.233048485
2913,93470.5720166667
2914,88586.3753166666
2915,88128.76365
2916,93369.9745166667
2917,163837.913883333
2918,120047.726321429
2919,235449.107583333
